Name,AVG - Sterne,Zahl der Kommentaren,Adresse,Sterne,Kommentare,Datum,Likes
Sophienklinik GmbH,3.9,116,"Bischofsholer Damm 160, 30173 Hannover",5,"(Translated by Google) The entire clinic makes a very good impression, was there on 01/28/21 and can judge it that way.
Reception, preliminary examination, staff and food were very good. The operation went very well, the discharge after 2 days without any problems.

(Original)
Die gesamte Klinik macht einen sehr guten Eindruck, war am 28.01.21 dort und kann das so beurteilen.
Empfang, Voruntersuchung, Personal und Verpflegung waren sehr gut. Die OP verlief sehr gut, die Entlassung nach 2 Tagen ohne Probleme.",a month ago,0
Sophienklinik GmbH,3.9,116,"Bischofsholer Damm 160, 30173 Hannover",5,"(Translated by Google) Modern hospital, very nice staff, reception, nurses, doctors and cleaning staff.
Food delicious.
I felt well looked after. Thank you

(Original)
modernes Krankenhaus, sehr nettes Personal Empfang, Schwesten, √Ñrzte bis zur Reinigungskraft.
Essen lecker.
Habe mich gut betreut gef√ºhlt. Danke",4 months ago,0
Sophienklinik GmbH,3.9,116,"Bischofsholer Damm 160, 30173 Hannover",1,"(Translated by Google) The clinic management has the secretariat cancel the planned and necessary knee surgery. Reason for my mask exemption. I voluntarily wear a face shield to meet everyone else. Now should I wait until Corona is no longer threatening? We'll wait until Ebula is eradicated!

(Original)
Die Klinikleitung l√§sst durch das Sekretariat die geplante und notwendige  Knie-OP absagen. Grund daf√ºr meine Maskenbefreiung . Ich trage freiwillig ein Faceshild um allen anderen entgegenzukommen. Nun soll ich warten bis Corona nicht mehr bedrohlich ist? Wir warten dann noch bis Ebula ausgerottet ist!",3 weeks ago,0
Sophienklinik GmbH,3.9,116,"Bischofsholer Damm 160, 30173 Hannover",5,"(Translated by Google) I was operated on by Mr. Stolle on January 11th, 2021. A great doctor who has convinced me on all levels. Unfortunately, I can't comment on the result yet.

The hospital itself is well-kept and modern. There is no television in the rooms.

Kudos to the night nurse on Ward 2 (Hans-J√ºrgen), super friendly, very helpful and always took the time to explain everything to us! It's been a long time since I had such a nice caregiver!
Many Thanks!

(Original)
Ich wurde am 11.01.2021 von Herrn Stolle operiert. Ein super Arzt der mich auf allen Ebenen √ºberzeugt hat. Zu dem Ergebnis kann ich leider noch nichts sagen.

Das Krankenhaus an sich ist gepflegt und modern. Es gibt in den Zimmern keinen Fernseher mehr.

Ein gro√ües Lob geht an den Nacht Pfleger auf Station 2 (Hans-J√ºrgen) super freundlich, sehr hilfsbereit und hat sich immer Zeit genommen um uns alles zu erkl√§ren!! Super so eine nette Pflegekraft hatte ich lange nicht!
Vielen Dank!",2 months ago,0
Sophienklinik GmbH,3.9,116,"Bischofsholer Damm 160, 30173 Hannover",5,"(Translated by Google) Was in the clinic for 2 days and was supported by Dr. Tr√ºbenbach
operated on. Very good doctor.
The friendliness of the staff was also very good.
All in all, one too
recommended clinic.

(Original)
War 2 Tage in der Klinik und wurde von Dr. Tr√ºbenbach
operiert. Sehr guter Arzt.
Auch die Freundlichkeit  des Personals war sehr gut.
Alles im Allem  , eine zu
empfehlenswerte Klinik.",3 months ago,0
Sophienklinik GmbH,3.9,116,"Bischofsholer Damm 160, 30173 Hannover",5,"(Translated by Google) I think this clinic is just great, it absolutely deserves the 5 stars.
From the first moment you are in good hands here
You are treated great and they go into everything.

A small flaw too little coffee üòÇ

Otherwise nurses and doctors in everything top.

(Original)
Ich finde diese Klinik einfach klasse sie haben die 5 Sterne absolut verdient .
Vom 1.Moment an ist man hier super aufgehoben
Man wird super behandelt und sie gehen auf alles ein .

Ein kleines Manko zu wenig Kaffee üòÇ

Ansonsten Pfleger in und √Ñrzte in    alles Top .",4 months ago,0
Sophienklinik GmbH,3.9,116,"Bischofsholer Damm 160, 30173 Hannover",5,"(Translated by Google) I wanted to talk to the Sophienklinik and Dr. Thank you Holland for the smooth process. I felt that everything was very well organized and that I was in good hands. During the preparation for anesthesia and in the operating room, the nurses calmed me down and stood by my side when I was afraid. The nurses who looked after me after the operation were also very friendly. Miss Dr. Holland got me out of my ailments and is a class surgeon! Thanks to the entire team for making the stay as pleasant as possible!

(Original)
Ich wollte mich kurz bei der Sophienklinik und Frau Dr. Holland f√ºr den reibungslosen Ablauf bedanken. Ich empfand alles sehr gut durchorganisiert und habe mich gut aufgehoben gef√ºhlt. W√§hrend der Narkosevorbereitung und im OP haben mich die Schwestern gut beruhigt und mir bei meiner Angst beiseite gestanden. Auch die Schwestern, die mich nach der OP versorgt haben, waren sehr freundlich. Frau Dr. Holland hat mich von meinen Leiden befreit und ist eine Klasse Chirurgin! Danke an das gesamte Team, dass der Aufenthalt so angenehm wie m√∂glich gestaltet wurde!",2 weeks ago,0
Sophienklinik GmbH,3.9,116,"Bischofsholer Damm 160, 30173 Hannover",5,"(Translated by Google) The stress of everyday life has barely released me ... Many thanks to everyone who contributed to the fact that the last 4 days were very pleasant under the circumstances! Without exception, I met very friendly and competent people here. THANK YOU!
PS: A special thank you to the stranger who looked after me so touchingly in the recovery room immediately after the operation. üòò

(Original)
Kaum entlassen hat mich der Alltagsstress wieder... Vielen Dank an alle die dazu beigetragen haben, dass die letzten 4 Tage den Umst√§nden entsprechend sehr angenehm waren! Ich bin hier ausnahmslos sehr freundlichen und kompetenten Menschen begegnet. DANKE!
PS: Einen besonderen Dank an die Unbekannte die sich direkt nach der OP im Aufwachraum so r√ºhrend um mich gek√ºmmert hat. üòò",5 months ago,1
Sophienklinik GmbH,3.9,116,"Bischofsholer Damm 160, 30173 Hannover",4,"(Translated by Google) So I was there for outpatient treatment, I thought it was good that you got a corona test right away. During the stay the staff was friendly and professional.

(Original)
Also ich war zur ambulanten Behandlung dort, fand schon mal gut dass man gleich einen Corona Test bekommen hat.  W√§hrend des Aufenthaltes war das Personal freundlich und  professionell.",3 months ago,0
Sophienklinik GmbH,3.9,116,"Bischofsholer Damm 160, 30173 Hannover",5,"(Translated by Google) I had an operation there on February 15th, 21st (hip cathroscopy) and got the best doctor there is for it.
OP staff / anesthesia and everything was 1 with *.
The hospital itself is really well organized, friendly, courteous. The nurses on my ward super FRIENDLY they know what they are doing and were always available and having fun, they also understood what is very important in the current situation in which we are. Unfortunately, there are also minor or major flaws.
First of all, there are the security people at the front of the front door who are very unfriendly. Several times I passed you and people were constantly being pampered and I don't think that's possible. I know that the current situation demands a lot from us, but something has to be done and you should be friendly as the first point of contact. Second, it is the cleanliness of the rooms, the company that cleans the rooms is rude if you ask them about mistakes and they don't clean them properly either. The garbage was taken from the garbage cans and no new bag was packed in and the sanitary facilities weren't cleaned properly either. That should be one of the most important things in the hospital (CLEANLINESS).
Otherwise a top hospital.
Super super super

(Original)
Ich wurde dort am 15.02.21 Operiert (Hueftathroskopie) und habe den besten Arzt erwischt, den es daf√ºr gibt.
OP Personal /Anesthesie und alles war 1 mit *.
Das Krankenhaus an sich echt gut organisiert, freundlich, zuvorkommend. Die Schwestern auf meiner Station super FREUNDLICH sie wissen was sie tuen und waren immer zur stelle und spa√ü haben sie auch verstanden was sehr wichtig ist in der jetzigen situation in der wir uns befinden. Leider gibt es auch kleine oder gro√üe Makel.
Als erstes sind es die sicherheitsmenschen die vorne an der Eingangstuer, die sehr unfreundlich sind. Mehrmals bin ich an Ihnen vorbei gegangen und st√§ndig wurden Leute angepampt und ich finde das geht nicht. Ich wei√ü das die jetzige Situation uns viel abverlangt aber da muss was gemacht werden und man sollte die freundlich sein als erster Ansprechpartner. Zweitens ist es die Sauberkeit in den Zimmern, die Firma die die Zimmer sauber macht ist unfreundlich wenn man sie auf Fehler anspricht und richtig sauber machen sie auch nicht. Der m√ºll wurde aus den M√ºlleimern genommen und es wurde aber keine neue tuete rein gepackt und die Sanit√§renanlagen wurden auch nicht richtig gereinigt. Das solle eines der  wichtigsten Dinge sein im Krankenhaus (SAUBERKEIT).
Sonst ein top Krankenhaus.
Super super super",3 weeks ago,0
Sophienklinik GmbH,3.9,116,"Bischofsholer Damm 160, 30173 Hannover",5,"(Translated by Google) A very, very good clinic.
One is received very warmly. All employees are very friendly and exude a calm that can hardly be put into words.
I felt very comfortable, although as a patient I am actually very suspicious.
The nurses, doctors and therapists are great there. You can tell that everyone is a team and harmonizes with each other.
I can only say ""great""!
If I had to visit such a surgical clinic again, my decision would be made now.
Highly recommended.

(Original)
Eine Sehr sehr gute Klinik.
Man wird sehr herzlich aufgenommen. Alle Mitarbeiter/innen sind sehr freundlich und strahlen eine Ruhe aus, dass man es kaum richtig in Worte fassen kann.
Ich habe mich sehr wohl gef√ºhlt, obwohl ich als Patient eigentlich sehr misstrauisch bin.
Die Pflegekr√§fte, √Ñrtze und Therapeuten sind klasse dort. Man merkt dass da alle ein Team sind die miteinander hamonieren.
Ich kann nur sagen ""Top""!
M√ºsste ich nochmal solch ein Chirurgische klinik besuchen, st√§nde meine Entscheidung bereits jetzt.
Sehr zu empfelen.",a month ago,0
Sophienklinik GmbH,3.9,116,"Bischofsholer Damm 160, 30173 Hannover",5,"(Translated by Google) Stay from 08.02. until 02/10/21
I am very satisfied with the entire process.
The staff is very friendly and always helpful. Thanks to the anesthesiologist and Dr. Bergmann from edh Hannover.
The rooms are nice, friendly, bright and very clean. The beds are also great.
WLAN free of charge. Thanks also to the kitchen
for the delicious food.
I can only recommend the Sophienklinik in Hanover.!
Kind regards Dimitrios Nikolaidis

(Original)
Aufenthalt vom 08.02. bis 10.02.21
Ich bin mit dem gesamten Ablauf sehr zufrieden.
Das Personal ist sehr freundlich und immer hilfsbereit.  Danke an die An√§sthesie und Herrn Dr. Bergmann vom edh Hannover.
Die Zimmer sind sch√∂n, freundlich hell und  sehr sauber . Die Betten ebenfalls spitze.
WLAN kostenlos. Danke auch an die K√ºche
f√ºr das leckere Essen.
Die Sophienklinik in Hannover kann ich nur empfehlen.!
Herzliche Gr√º√üe Dimitrios Nikolaidis",a month ago,1
Sophienklinik GmbH,3.9,116,"Bischofsholer Damm 160, 30173 Hannover",5,"(Translated by Google) Stay from December 15, 2020 to December 16, 2020 OP by Dr. M.Gattermann.
I am very satisfied with the entire stay. From reception / registration to discharge.
Very nice and competent team. I felt very comfortable and in good hands.
A big thank you to Station 1 West. Especially sister Ewa, Sabine and Lena. Of course, thank you to everyone who accompanied me over the two days.

Nicely decorated rooms, great bathroom. State-of-the-art beds. Free WiFi.

I was very at peace with the food. Especially breakfast and lunch were very, very tasty.

I don't understand some of the reviews here but it is and remains a clinic and not a hotel :)

So .... thank you thank you and all of you stay healthy ‚ô°

P.Sowizral

(Original)
Aufenthalt vom 15.12.2020 bis 16.12.2020 OP durch Dr. M.Gattermann.
Ich bin mit dem gesamten Aufenthalt sehr zufrieden. Vom Empfang / Anmeldung bis zur Entlassung.
Sehr nettes und kompetentes Team. Habe mich sehr wohl und gut aufgehoben gef√ºhlt.
Ganz gro√ües Dankesch√∂n an die Station 1 West. Vorallem Schwester Ewa, Sabine und Lena. Nat√ºrlich auch ein danke an alle die mich in den 2 Tagen begleitet haben.

Sch√∂n eingerichtete Zimmer, tolles Bad. Betten auf neusten Stand. WLAN kostenlos.

Mit dem Essen war ich sehr zu Frieden. Vorallem Fr√ºhst√ºck und Mittag sehr sehr lecker gewesen.

Ich verstehe manche Rezensionen hier nicht aber es ist und bleibt eine Klinik und kein Hotel :)

Also.... danke danke und bleiben Sie alle Gesund‚ô°

P.Sowizral",3 months ago,1
Sophienklinik GmbH,3.9,116,"Bischofsholer Damm 160, 30173 Hannover",1,"(Translated by Google) A terrible stay ... never again! The assistant doctor on October 6th, 2020 did not want to let me go despite my own free decision to leave the clinic. I was threatened with the police, etc. Every patient has the right to leave the clinic at any time against medical advice and at their own risk and responsibility. Exactly, that is denied you there! So I had no choice but to have my husband pick me up and, at a good moment, flee from the nurse and the terrible assistant doctor! P. operated on, which was also a great success and I can therefore recommend him to others for ENT matters, a top doctor! The criticism is therefore only directed at the assistant doctor on duty with an Eastern European accent. The clinic is new and modern, so every occupied bed is a real blessing for this clinic, there is no other explanation for this behavior of the assistant doctor. Yes, loans have to be paid off ... but you have no right to ""force"" patients to stay there if you are fine, etc. So for me, the very last clinic. Pooh!

(Original)
Ein schrecklicher Aufenthalt...Nie wieder! Die Assistenz√§rztin am 06.10.2020 wollte mich trotz meiner eigenen freien Entscheidung die Klinik zu verlassen nicht gehen lassen. Mir wurde mit der Polizei gedroht etc. Jeder Patient hat das Recht, gegen √§rztlichen Rat und auf eigene Verantwortung und Risiko die Klinik, jederzeit zu verlassen. Genau, das wird einem dort verwehrt! Mir blieb somit nichts anderes √ºbrig, als mich von meinem Mann abholen zu lassen und in einem guten Moment vor der Schwester und der schrecklichen Assistenz√§rztin zu fliehen!Ich wurde dort  √ºbrigens von Dr. P. operiert, was auch ein super Erfolg war und ich Ihn daher auch gerne weiterempfehlen kann was HNO Sachen betrifft, ein Top Arzt! Die Kritik richtet sich daher nur an die diensthabende Assistent√§rztin mit osteurop√§ischen Akzent. Die Klinik ist neu und modern, so ist wohl jedes belegte Bett ein wahrer Geldsegen f√ºr diese Klinik, anders ist dieses Verhalten der Assistenz√§rztin nicht zu erkl√§ren. Ja Kredite m√ºssen eben abbezahlt werden...aber man hat kein Recht Patienten zu ""zwingen"" dort zu bleiben, wenn es einem gut geht etc. Also f√ºr mich, die allerletzte Klinik. Pfui!",5 months ago,1
Sophienklinik GmbH,3.9,116,"Bischofsholer Damm 160, 30173 Hannover",5,"(Translated by Google) Great, everyone is very nice.

(Original)
Super, alls sind sehr nett.",a month ago,0
Sophienklinik GmbH,3.9,116,"Bischofsholer Damm 160, 30173 Hannover",5,"(Translated by Google) I can only recommend the best ratings to the whole clinic ....... because friendly, organized, clean and the food delicious.
Thank you for the professional and nice advice (starting with the admission of the conversation) and during the inpatient treatment. Thank you very much

(Original)
Nur zu empfehlen gebe dem ganzem Klinikum beste Bewertungen....... weil freundlich, organisiert, sauber und das Essen lecker.
Danke f√ºr die professionelle und nette Beratung (angefangen schon bei Aufnahme Gespr√§ch) und w√§hrend der station√§ren Behandlung. Dankesch√∂n",6 months ago,0
Sophienklinik GmbH,3.9,116,"Bischofsholer Damm 160, 30173 Hannover",2,"(Translated by Google) I didn't feel particularly well after an operation, but it was not possible to find rest anywhere. The room was very noisy during the day due to the location on the street, plus a fellow patient who was comparatively fit and spoke loudly on the phone in the room while I was fighting against hot flashes, dizziness, nausea and shortness of breath. I was hoping that it would be quieter at night, but my fellow patient didn‚Äôt show any consideration and watched TV until 2:00 a.m. Despite my advice, the nursing staff did nothing, the instruction of the attending doctor to move me to another room was not carried out. Even though it's been almost a year, I still find it terrible.

(Original)
Nach einer OP ging es mir nicht besonders, aber es war nicht m√∂glich, irgendwo Ruhe zu finden. Das Zimmer war am Tag durch die Lage an der Stra√üe sehr laut, dazu eine Mitpatientin, die vergleichsweise fit war und im Zimmer lautstark telefonierte, w√§hrend ich gegen Hitzewallungen, Schwindel, √úbelkeit und Luftnot k√§mpfte. Ich hoffte darauf, dass es nachts ruhiger wird, aber meine Mitpatientin nahm auch da keine R√ºcksicht und sah bis 02:00 Uhr fern. Trotzt meiner Hinweise unternahm die Pflege nichts, die Anweisung des Beleg-Arztes, mir ein anderes Zimmer zuzuweisen, wurde nicht ausgef√ºhrt. Auch wenn es fast ein Jahr her ist empfinde ich es immer noch  als schrecklich.",5 months ago,0
Sophienklinik GmbH,3.9,116,"Bischofsholer Damm 160, 30173 Hannover",2,"(Translated by Google) Time of arranging the client 1 hour. Disaster .. After surgery customer service poor .. Only food good .. I got 1 day stay fees ‚Ç¨ 10 .. Come on I'm insured .. It was probably a hotel .. Sorry Yes I was nervous ..

(Original)
Czas  zalatwienia klijenta 1godz.  Katastrofa ..  Po operacji obs≈Çuga klienta s≈Çaba  .. Tylko jedzenie dobre .. Dostalem Op≈Çaty za pobyt 1dzie≈Ñ 10‚Ç¨ ..  Chodz Jestem ubezpieczony .. To chyba by≈Ç hotel .. Przepraszam Tak by≈Çem  zdenerwowany ..",7 months ago,2
Sophienklinik GmbH,3.9,116,"Bischofsholer Damm 160, 30173 Hannover",1,"(Translated by Google) Unfortunately, I did not feel comfortable here during my stay. The nurses kept asking me if I didn't speak Russian, the food wasn't good and the room was getting on in years. Again, under no circumstances will I let myself be treated in hospital!

(Original)
Leider habe ich mich hier w√§hrend meines Aufenthaltes √ºberhaupt nicht wohl gef√ºhlt. Die Pfleger fragten mich st√§ndig, ob ich denn nicht auch russisch spreche, das Essen war nicht gut und auch das Zimmer war total in die Jahre gekommen. Nochmal lasse ich mich hier station√§r auf keinen Fall behandeln!",9 months ago,1
Sophienklinik GmbH,3.9,116,"Bischofsholer Damm 160, 30173 Hannover",5,"(Translated by Google) A big thank you to everyone who came to my bed during these five days and took care of me.
P.S. Please give me my regards MAX (the intern)

(Original)
Ein herzliches Dankesch√∂n an alle die in diesen f√ºnf Tagen an mein Bett gekommen sind und sich um mich gek√ºmmert haben.
P.S. Bitte gr√ºssen Sie mir MAX (der Praktikant)",4 months ago,0
Sophienklinik GmbH,3.9,116,"Bischofsholer Damm 160, 30173 Hannover",5,"(Translated by Google) Very well organized clinic, from admission to the ward, operating theater and recovery room.
Really ALL employees across the board very polite and turned towards the patient.
The free WiFi / patient entertainment is also very good. The new building does the rest.

(Original)
Sehr gut organisierte Klinik, von der Aufnahme bis zur Station, OP und Aufwachraum.
Wirklich ALLE Mitarbeiter durch die Bank ausgesprochen H√∂flich und dem Patienten zugewandt.
Sehr gut auch das kostenfreie W-Lan/ Patientenentertainment.Der Neubau tut sein √ºbriges.",5 months ago,0
Sophienklinik GmbH,3.9,116,"Bischofsholer Damm 160, 30173 Hannover",5,"(Translated by Google) I can only recommend this hospital. Big compliments to all employees, they are all very nice and courteous. Good facilities, good food (it's a hospital and not a 5 star restaurant üòä). Thanks to Dr. Glaser for a successful operation.

(Original)
Ich kann dieses Krankenhaus nur empfehlen. Gro√ües Lob an alle Mitarbeiter und Mitarbeiterinnen, sie sind alle sehr nett und zuvorkommend. Gute Ausstattung, gutes Essen ( es ist ein Krankenhaus und kein 5 Sterne Restaurant üòä). Danke an Frau Dr. Glaser f√ºr die gelungene OP.",7 months ago,0
Sophienklinik GmbH,3.9,116,"Bischofsholer Damm 160, 30173 Hannover",5,"(Translated by Google) I was operated on by Dr T√ºbenbach and was on the ward for 3 days and 2 nights and I am very satisfied!
The whole team took great care, I felt very well looked after.

(Original)
Ich wurde von Dr.T√ºbenbach operiert und war 3Tage und 2 N√§chte auf Station und bin sehr zufrieden!
Das gesamte Team hat sich toll gek√ºmmert, ich habe mich sehr gut aufgehoben gef√ºhlt.",7 months ago,1
Sophienklinik GmbH,3.9,116,"Bischofsholer Damm 160, 30173 Hannover",5,"(Translated by Google) Thank you for everything ü§ó very nice team, very helpful, they take great care of you I can only recommend the clinic Best regards, Boyero Gomez

(Original)
Vielen Dank f√ºr alles ü§ó ganz nettes Team sehr hilfsbereit die k√ºmmern sich ganz toll um einen ich kann die Klinik nur weiter empfehlen Liebe Gr√ºsse Boyero Gomez",5 months ago,0
Sophienklinik GmbH,3.9,116,"Bischofsholer Damm 160, 30173 Hannover",5,"(Translated by Google) I was there for two days. The twin rooms are great, as are the sanitary facilities in the room. Food was okay. What really surprised me was the team! I felt super cared for, taken seriously and ""cared for"" well. General anesthesia was also great, I did not have the usual effects of general anesthesia but only mild circulatory problems. All in all a very good experience.

(Original)
Ich war zwei Tage dort. Die Zweibettzimmer sind super, genauso wie die sanit√§ren Einrichtungen auf dem Zimmer. Verpflegung war in Ordnung. Was mich sehr positiv √ºberrascht hat war das Team! Ich hab mich super aufgehoben gef√ºhlt, ernst genommen und gut ""bek√ºmmert"". Auch die Vollnarkose lief super, ich hatte nicht die √ºblichen Effekte einer Vollnarkose sondern nur leichte Kreislaufbeschwerden. Alles in allem eine sehr gute Erfahrung.",a year ago,0
Sophienklinik GmbH,3.9,116,"Bischofsholer Damm 160, 30173 Hannover",2,"(Translated by Google) They are for the fact that the visitors are crammed into a visiting time of 3 hours because of Corona ...... which does not go together. And for that you don't even have to accompany your child to the operating room because it is 18 years old on paper. Corona is establishing itself as an excuse for everything. Sad!!!!

(Original)
Die sind dafuer das man die Besucher wegen Corona in eine Besuchszeit von 3 Std pfercht......was nicht zusammen passt. Und dafuer das man nicht einmal sein Kind, weil es auf dem Papier 18 Jahre alt ist, zur Aufnahme zur OP zu begleiten. Corona etabliert sich zur Ausrede fuer alles. Traurig!!!!",5 months ago,0
Sophienklinik GmbH,3.9,116,"Bischofsholer Damm 160, 30173 Hannover",5,"(Translated by Google) I can only agree with the other comments. The nursing staff was very friendly and took time for one, which I have never seen before. Despite the severe pain after the operation, the sister managed to elicit a smile. Greetings to Ms. G. Essen was hospital as you know it.

(Original)
Ich kann mich den anderen Kommentaren nur anschlie√üen. Das Pflegepersonal war sehr freundlich und hat sich Zeit f√ºr einen genommen, was ich so noch nie gesehen habe. Trotz den starken Schmerzen nach der Operation hat es die Schwester geschafft einem ein L√§cheln zu entlocken. Liebe Gr√º√üe an Frau G. Essen war Krankenhaus standart wie man es kennt.",a year ago,2
Sophienklinik GmbH,3.9,116,"Bischofsholer Damm 160, 30173 Hannover",5,"(Translated by Google) Very professional hospital. Nice and competent team. Especially the pain therapy, I have never met anyone else. I was excited. Unconditionally recommended. Many thanks

(Original)
Sehr professionelles Krankenhaus. Nettes und kompetentes Team. Besonders die Schmerztherapie habe ich so noch nirgends anders kennengelernt. Ich war begeistert. Bedingungslos empfehlenswert. Vielen Dank",a year ago,1
Sophienklinik GmbH,3.9,116,"Bischofsholer Damm 160, 30173 Hannover",5,"(Translated by Google) Scheduled on July 27, 2020, admitted to the Sophienklinik for the planned knee replacement on July 28, 2020.
Very good support! Both on Ward 1 East, IMT as well as by the physio team and the PainNurse!
Any time!

(Original)
Am 27.7 2020 geplant in die Sophienklinik eingewiesen zur geplanten Knie-TEP am 28.7.2020.
Sehr gute Betreunung! Sowohl auf der Station 1 Ost, IMT als auch vom Physioteam und der PainNurse!
Jederzeit wieder!",7 months ago,0
Sophienklinik GmbH,3.9,116,"Bischofsholer Damm 160, 30173 Hannover",2,"(Translated by Google) Too long waiting times

(Original)
Zu lange Wartezeiten",a month ago,0
Sophienklinik GmbH,3.9,116,"Bischofsholer Damm 160, 30173 Hannover",5,"(Translated by Google) A really great hospital üëç and they have become rare in Hannover. Everything is very clean and tidy. The staff are very competent friendly helpful and despite the many work. There is free parking which is at lunchtime Rah.

(Original)
Ein echt tolles Krankenhaus üëç und die sind selten geworden in Hannover. Alles ist sehr sauber und ordentlich. Die Mitarbeiter sind sehr kompetent freundlich hilfsbereit und das trotz der vielen Arbeit. Es gibt kostenlose Parkpl√§tze die in Mittagszeit Rah sind.",a year ago,1
Sophienklinik GmbH,3.9,116,"Bischofsholer Damm 160, 30173 Hannover",5,"(Translated by Google) I came to the knee surgery (cruciate ligament tear, meniscus damage) by Dr. Kregehr was done, and excellently done!
The stay in the clinic afterwards was one of the best ever! Competent, friendly staff who always take care that you are well and immediately available for questions or help. The staff cannot be disturbed and responds to the needs of the patients! The rooms in the clinic are modern (the bathroom, the room equipment). It was the best hospital stay I have ever had!
My greatest praise to the workforce!

Best regards
Ayhan Cinar

(Original)
Gekommen bin ich zur OP am Knie (Kreuzbandriss, Meniskusschaden) die von Herrn Dr. Kregehr durchgef√ºhrt wurde, und hervorragend gemacht!
Der Aufenthalt anschlie√üend im Klinikum, war einer der besten √ºberhaupt! Kompetentes freundliches Personal, welches immer auf darauf achtet das es dir gut und sofort zur Stelle ist bei fragen oder Hilfe. Das Personal l√§sst sich nicht aus der Ruhe bringen und geht dabei auf die Bed√ºrfnisse der Patienten ein! Die R√§umlichkeiten im Klinikum sind modern (das Bad, die Zimmeraustattung). Das war der beste Krankenhaus Aufenthalt den ich je gehabt habe!
Mein gr√∂√ütes Lob an die Belegschaft!

Mit freundlichen Gr√º√üen
Ayhan Cinar",8 months ago,0
Sophienklinik GmbH,3.9,116,"Bischofsholer Damm 160, 30173 Hannover",5,"(Translated by Google) I was here for two days, very friendly and attentive nursing staff, no great waiting times. The only minimal drawback is that there was no fresh fruit or vegetables with the meals. If I had to go back to the hospital, I would always have to come here

(Original)
Ich war zwei Tage hier.sehr freundliches und aufmerksames Pflegepersonal, keine grossartigen Wartezeiten  gehabt. Das einzige minimale manko ist das es zu den Mahlzeiten kein frisches Obst bzw.Gem√ºse gab.wenn ich wieder ins krankenhaus m√ºsste dann hier immer wieder",9 months ago,0
Sophienklinik GmbH,3.9,116,"Bischofsholer Damm 160, 30173 Hannover",2,"(Translated by Google) I have an appointment for anesthesia, unfortunately the waiting time is very long. The waiting area in the cafe area is very noisy, which is not nice.
Will be operated here soon, hope this works better.

(Original)
Habe einen Termin zur Narkose, leider ist die Wartezeit sehr lange. Der Wartebereich in der Cafe Bereich ist sehr laut, was nicht sch√∂n ist.
Werde demn√§chst hier Operiert, hoffe, da√ü dieses besser abl√§uft.",a year ago,1
Sophienklinik GmbH,3.9,116,"Bischofsholer Damm 160, 30173 Hannover",5,"(Translated by Google) Was in the clinic for 3 days and only had positive experiences. I was accommodated in a very nice 2 bed room. The nursing team and everyone from the operating room, anesthesia, recovery room, transport, admission, cleaning, physio and pain therapy looked after me wonderfully. Humanity is still lived here. I felt very well looked after and taken seriously.

(Original)
War f√ºr 3Tage in der Klinik und habe nur positives erfahren. Ich wurde in einem sehr sch√∂nen 2Bett Zimmer untergebracht. Das Pflegeteam und auch alle vom OP-Bereich, An√§sthesie, Aufwachraum,Transport, Aufnahme, Reinigung, Physio und Schmerztherapie haben mich wunderbar versorgt. Hier wird Menschlichkeit noch gelebt. Ich habe mich sehr gut versorgt und ernst genommen gef√ºhlt.",a year ago,0
Sophienklinik GmbH,3.9,116,"Bischofsholer Damm 160, 30173 Hannover",5,"(Translated by Google) I was there for a pain therapy.
+ Recording without a long wait and very organized.
+ Staff is very nice and competent
+ Rooms are well equipped

Road in front of the clinic is a bit loud in the evening.

(Original)
Ich war dort bez√ºglich einer Schmerztherapie.
+Aufnahme ohne lange Wartezeit und sehr organisiert.
+Personal ist sehr nett und kompetent
+Zimmer sind gut ausgestattet

-Stra√üe vor der Klinik ist etwas laut auch abends.",a year ago,1
Sophienklinik GmbH,3.9,116,"Bischofsholer Damm 160, 30173 Hannover",1,"(Translated by Google) I was there as a private patient in September 2019 and luckily this was only for one night. I had a twin room, which without any comfort such as was equipped with a television.
Bad planning made sure that my roommate and I didn't get any food from the clinic.
Fortunately, our relatives also spent a night in the city, so we took care of you.

The staff only showed up when you rang the doorbell several times and was not very helpful and only supported you when asked to do so.
You had the feeling that the staff was annoyed, that you needed their help.
Communication was also hampered by a lack of knowledge of German.

On the day of discharge, the lady was pushed out of my room despite extreme circulatory problems and nausea to make the bed free for the next admission! (Which was also formulated in the same way)

No patient should experience such a stay. That you had to spend so much money in your hand is really a joke!

I would not spend another stay in this clinic ...

(Original)
Ich war im September 2019 dort als Privatpatientin und dies zum Gl√ºck nur f√ºr eine Nacht.  Ich hatte ein Zweibettzimmer, welches ohne jeglichen Komfort wie z.B. einen Fernseher ausgestattet war.
Eine Fehlplanung sorgte daf√ºr, dass meine Zimmergenossin und ich kein Essen von der Klinik bekamen.
Zum Gl√ºck verbrachten unsere Angeh√∂rigen ebenfalls eine Nacht in der Stadt, sodass wir von Ihnen versorgt worden sind.

Das Personal hat sich nur blicken lassen wenn man mehrfach geklingelt hat und war dabei wenig hilfreich und unterst√ºtze einen nur nach direkter Aufforderung.
Man hatte das Gef√ºhl,  dass das Personal genervt war, dass man auf seine Hilfe angewiesen war.
Auch war die Kommunikation durch mangelnde Deutschkenntnisse erschwert.

Am Entlassungstag wurde die Dame aus meinem Zimmer trotz extremer Kreislaufprobleme und √úbelkeit gedr√§ngt das Bett f√ºr die n√§chste Aufnahme frei zu machen!( Was auch genauso formuliert wurde)

Solch einen Aufenthalt sollte kein Patient erleben. Das man daf√ºr soviel Geld in die Hand nehmen musste ist wirklich ein Witz!

In dieser Klinik w√ºrde ich keinen weiteren Aufenthalt verbringen...",a year ago,0
Sophienklinik GmbH,3.9,116,"Bischofsholer Damm 160, 30173 Hannover",5,"(Translated by Google) Excellent and helpful applications, competent staff, nice house, good kitchen, I am completely satisfied.

(Original)
Ausgezeichnete und hilfreiche Anwendungen, kompetentes Personal, sch√∂nes Haus, gute K√ºche, bin rundum zufrieden.",a year ago,0
Sophienklinik GmbH,3.9,116,"Bischofsholer Damm 160, 30173 Hannover",5,"(Translated by Google) I was operated on February 1st, 2018 by Dr.Krukenberg on the foot (Hallux Valgus), everything went great, I was very afraid of the operation, the anesthetic team took me in really well and took the fear away Thank you, LG to everyone I got to know in the clinic, I felt very well cared for, the food was great, the sisters were also very friendly and helpful, the view from my room was also nice.

(Original)
Ich wurde am 1.2.18 von Dr.Krukenberg am Fu√ü operiert(Hallux Valgus)es ist alles super gelaufen,ich hatte vor der OP sehr gro√üe Angst,das Narkoseteam hat mich super aufgenommen und mir die Angst genommen Danke,LG an alle die ich in der Klink kennen lernen durfte,ich habe mich sehr gut aufgehoben gef√ºhlt,Essen super,die Schwestern waren auch sehr freundlich und hilfsbereit,der Ausblick aus meinem Zimmer war auch sch√∂n.",3 years ago,1
Sophienklinik GmbH,3.9,116,"Bischofsholer Damm 160, 30173 Hannover",5,"(Translated by Google) I have been to many hospitals, never had such a good care. I was impressed by the perfect hygiene, the friendliness of the doctors and all the others who tried to take away my pain. I have never felt so well cared for and I would like to thank all the doctors very warmly.

(Original)
Ich war schon in vielen Krankenh√§usern, noch nie hatte ich eine derart gute Versorgung   Sehr beeindruckt hat mich die perfekte Hygiene  , die Freundlichkeit von den  √Ñrzten und allen anderen , die bem√ºht waren,  mir meine Schmerzen zu nehmen. Ich habe mich noch nie so gut aufgehoben gef√ºhlt und m√∂chte hier allen Behandlern sehr herzlich danken.",2 years ago,2
Sophienklinik GmbH,3.9,116,"Bischofsholer Damm 160, 30173 Hannover",1,"(Translated by Google) Can unfortunately only a star forgiven because unfortunately it was not as I imagined everything.
Had on Op Day at 12 clock appointment and my Op took place at 16 clock only.

I booked extra a 2 bed room and took the extra cost so that I have my peace after my Op and can recover, but unfortunately I ended up in a room where you could not find peace, because at noon, the children directly in front played football in the window and in the afternoon until evening it went on with adult basketball, so you could only dream of recovery and my room neighbor was unfortunately very restless.

Of the nurses came unfortunately no understanding and you were already at its limits.

I will never let anything be done here.

(Original)
Kann leider nur einen Stern vergeben weil es lief leider nicht so wie ich mir das alles vorgestellt habe.
Hatte am Op Tag um 12 Uhr Termin und mein Op fand um 16 Uhr erst statt.

Habe mir extra ein 2 Bett Zimmer gebucht und habe die extra Kosten auf mich genommen damit ich nach meinem Op meine Ruhe habe und mich erholen kann ,aber leider landete ich in einem Zimmer, wo man keine Ruhe fand, weil Mittags haben die Kinder direkt vor dem Fenster Fu√üball gespielt und Nachmittags bis Abends ging es mit Erwachsenen Basketball weiter, sodass man von  Erholung nur tr√§umen konnte und meine Zimmer Nachbarin war leider auch sehr unruhig.

Von den Krankenschwestern kam leider auch kein Verst√§ndnis und man kam schon an seinen Grenzen.

Werde niemals irgendetwas hier machen lassen.",a year ago,2
Sophienklinik GmbH,3.9,116,"Bischofsholer Damm 160, 30173 Hannover",5,"(Translated by Google) I am very excited!
From admission to discharge I can only report positive. Whether anesthesia, Op, carers ..
A big thank you to Dr. med. Tr√ºbenbach !! He operated on me the second time.

(Original)
War/bin ganz begeistert!
Von der Aufnahme bis zur Entlassung  kann ich nur positives berichten. Egal ob Anestesie,  Op, Pfleger/innen..
Ein grosser Dank geht an Dr. Tr√ºbenbach!! Er hat mich das zweite Mal operiert.",a year ago,0
Sophienklinik GmbH,3.9,116,"Bischofsholer Damm 160, 30173 Hannover",5,"(Translated by Google) Top hospital thank you

(Original)
Top Krankenhaus danke",3 months ago,0
Sophienklinik GmbH,3.9,116,"Bischofsholer Damm 160, 30173 Hannover",1,"(Translated by Google) Unfortunately, I can only rate with one star because everything went very uncoordinated and chaotic.

Before the op with inpatient stay, it is known to get into his room and can prepare accordingly.
Wrong thought one is stuck in the ""recovery room"", yes read correctly.
So that you change there and then pushed directly into the op.
When I was instructed by a sister that I should take off my clothes and I said that everything seems rather suspicious to me and therefore I would like to have some privacy, a curtain was drawn and something whispered in the beard ,

Next it went to the anesthesia where I felt 20 min lay and no one gave me even the slightest feeling that I would be in good hands.

The sisters on the station with two exceptions were completely annoyed and have shown that too. Associations should be changed directly, when you should take the drugs on the cupboard you have to know yourself.

Finally, I will never have surgery in this hospital again and I can not recommend it.
You do not feel like a human, but rather like a piece of meat, humanity is very far away.

(Original)
Leider kann ich nur mit einem Stern bewerten da alles sehr unkoordiniert und chaotisch ablief.

Vor der op mit station√§ren Aufenthalt, kommt man bekanntlich in sein Zimmer und kann sich da entsprechend vorbereiten.
Falsch gedacht man wird in den ""aufwachraum"" gesteckt, ja richtig gelesen.
Damit man sich dort umzieht und dann direkt in den op geschoben wird.
Als ich von einer Schwester angewiesen fast schon angefaucht wurde, das ich mich ausziehen solle und ich darauf hin meinte das mir das alles gerade etwas suspekt vor kommt und ich daher doch gerne ein wenig Privatsph√§re h√§tte, wurde ein Vorhang zugezogen und irgendwas in den Bart genuschelt.

Weiter ging es dann bei der Narkose wo ich gef√ºhlte 20 min lag und keiner mir auch nur ansatzweise das Gef√ºhl gegeben hat das ich in guten H√§nden w√§re.

Die Schwestern auf der Station bis auf 2 Ausnahmen waren komplett genervt und haben das auch gezeigt. Verb√§nde sollte man direkt selber wechseln, wann man die Medikamente die auf dem Schrank stehen nehmen soll muss man auch selber wissen.

Schlussendlich werde ich mich nie wieder in diesem Krankenhaus operieren lassen und kann es auch nicht empfehlen.
Man f√ºhlt sich nicht wie ein Mensch sondern eher wie ein St√ºck Fleisch, Menschlichkeit ist da sehr weit entfernt von.",a year ago,4
Sophienklinik GmbH,3.9,116,"Bischofsholer Damm 160, 30173 Hannover",5,"(Translated by Google) At the moment I am here for 10 days for pain therapy. Can only say positive things. A huge compliment and a big thank you goes to the entire team from Station 2 West. You are awesome üíûüåπ

(Original)
Bin im Moment 10 Tage hier zur Schmerztherapie.  Kann nur positives berichten.  Ein riesiges Lob und dickes Dankesch√∂n geht an das komplette Team von Station 2 West. Ihr seid der Hammer üíûüåπ",2 years ago,0
Sophienklinik GmbH,3.9,116,"Bischofsholer Damm 160, 30173 Hannover",1,"(Translated by Google) I am in the clinic for pain therapy for 10 days next month.
My question is the single room?
And what is meant by multi-modal pain therapy?
Best regards
Simone

(Original)
Ich bin n√§chsten monat f√ºr 10 Tage in dieser klinik zur Schmerztherapie.
Meine Frage sind das einzel zimmer?
Und was versteht man unter multi modale Schmerztherapie?
Herzliche Gr√º√üe
Simone",a year ago,1
Sophienklinik GmbH,3.9,116,"Bischofsholer Damm 160, 30173 Hannover",5,"(Translated by Google) seven out of five stars !!!!!!!

PROS
=====
very patient-oriented
top team
extremely competent
efficient

COS
====
no wellness area
no smoking rooms
no valet parking
no entertainment package

(Original)
sieben von fuenf Sternen!!!!!!!

PROS
=====
sehr patientenorientiert
top Team
extrem kompetent
effizient

COS
====
kein Wellnessbereich
keine Raucherzimmer
kein Valet-Parking
kein Entertainment-Paket",a year ago,0
Sophienklinik GmbH,3.9,116,"Bischofsholer Damm 160, 30173 Hannover",2,"(Translated by Google) The recording again a disaster, one is ordered to 10.00 clock, and I sit again for 2.5 hours without what happens.
3 times in this clinic and always the same. No one has the plan. Waiting area as in a station hall, there was probably the interior designer broken.

(Original)
Die Aufnahme wieder eine Katastrophe, man wird zu 10.00 Uhr bestellt, und ich sitze schon wieder 2,5 Stunden ohne das was passiert.
3 Mal in dieser Klinik und immer das selbe.Keiner hat den Plan. Wartebereich wie in einer Bahnhofshalle, da war wohl der Innenarchitekt kaputt.",2 years ago,6
Sophienklinik GmbH,3.9,116,"Bischofsholer Damm 160, 30173 Hannover",2,"(Translated by Google) I was not a personal patient. A friend of mine. The Op should start at 14 o'clock. He had to wait another 3 hours. There was also no sedative tablet with the statement that he would still have to move to the Op, then he would be too shaky on his feet. What is that please? I had some Op's in other clinics (Kassenpatient) and it was never a problem to relocate with sedatives, if you were too shaky on the legs the staff had helped !!! I do not understand that at all SORRY !!!!!
After the op tablets were ready, but no one has indicated that they are to be taken immediately. As a private patient 2 bed room.

(Original)
Ich war nicht pers√∂nlich Patient. Ein bekannter von mir. Die Op sollte um 14 Uhr starten. Er musste noch 3 Std. warten. Es gab auch keine Beruhigungstablette mit der Aussage er m√ºsse sich ja noch umbetten zur Op, dann w√§re er zu wackelig auf den Beinen. Was ist das denn bitte? Ich hatte einige Op's in anderen Kliniken (Kassenpatient) und es war nie ein Problem sich umzubetten mit Beruhigungsmitteln, wenn man zu wackelig auf den Beinen war hatte das Personal schon geholfen!!! Das verstehe ich √ºberhaupt nicht SORRY!!!!!
Nach der Op lagen Tabletten bereit, allerdings hat keiner daraufhingewiesen, dass diese sofort einzunehmen sind. Als Privatpatient 2 Bettzimmer.",a year ago,2
Sophienklinik GmbH,3.9,116,"Bischofsholer Damm 160, 30173 Hannover",5,"(Translated by Google) I've been to hospitals far too often, but I've never been looked after so wonderfully. Organization before the operation was sensational, the care afterwards 1A. If I should have a choice in the future, I just wanted to be treated here!
ADDENDUM: Another (outpatient) operation went like clockwork. I didn't feel uncomfortable for a second. Everyone is experienced and experienced without ever forgetting the human!

(Original)
Ich war schon viel zu oft in Krankenh√§usern, aber nie wurde ich so wunderbar versorgt. Organisation vor OP war sensationell, die Pflege danach 1A. Sollte ich in der Zukunft die Wahl haben, wollte ich nur hier behandelt werden!
NACHTRAG: auch eine weitere (ambulante) OP lief wie am Schn√ºrchen. Keine Sekunde f√ºhlte ich mich unwohl. Alle sind erfahren und routiniert, ohne je das Menschliche zu vergessen!",a year ago,4
Sophienklinik GmbH,3.9,116,"Bischofsholer Damm 160, 30173 Hannover",1,"(Translated by Google) Dreadful. Even though we had an appointment we had to wait almost 3 hours. The lady at the front desk said it was normal.
For me it is not normal that you have to wait soooooo long with an appointment.

Addendum: The OP didn't bring anything at all. Meanwhile I have the feeling that everyone is offered an operation by default. !!
Definitely get a second or even a third opinion before you let yourself be persuaded to have an operation.

(Original)
Schrecklich. Obwohl wir einen Termin hatten mussten wir fast 3 Stunden warten. Die Dame an der Rezeption meinte, es sei normal.
F√ºr mich ist es nicht normal das man mit Termin soooooo lange warten muss.

Nachtrag: Die OP hat √ºberhaupt nichts gebracht. Mittlerweile hab ich das Gef√ºhl das jedem erstmal standardm√§√üig eine Operation angeboten wird.!!
Holt euch definitiv eine zweite oder sogar dritte Meinung ein, bevor ihr euch zu einer OP √ºberreden l√§sst.",a month ago,3
Sophienklinik GmbH,3.9,116,"Bischofsholer Damm 160, 30173 Hannover",3,"(Translated by Google) I wasn't there myself, but I give my experiences here. The behavior of the staff can still be improved. The building is new, so everything in the room is up to date. Calling the tablet PC a television is inappropriate. Because it was difficult to use and the picture was bad. My mother was there a longer time, a baker with no kiosk area where you can't get magazines or other things. Since there is nothing in the vicinity where you can buy something, this is incomprehensible. ü§î

(Original)
Ich bin zwar nicht selber drin gewesen, aber gebe hier meine erlebtes zu Wort. Das Verhalten des Personals ist noch Ausbauf√§hig. Das Geb√§ude ist neu, somit alles im Zimmer aktuell. Den Tablet-PC als Fernsehen zu bezeichnen passt nicht. Da dieser schlecht zu bedienen und das Bild schlecht war. Meine Mutter war l√§nger dort, ein B√§cker ohne Kioskbereich, wo man keine Zeitschriften oder andere Sachen bekommt. Da es auch nichts in der N√§he gibt, wo man etwas kaufen k√∂nnte, ist dies nicht zu nachvollziehen. ü§î",2 years ago,5
Sophienklinik GmbH,3.9,116,"Bischofsholer Damm 160, 30173 Hannover",5,"(Translated by Google) So, just back from noses op, I found the care and staff very professional, nice and friendly, the beds was 2 beds room, with television via an app, üëç, very quiet no loud noises or disturbances, so for me it was great.

Thanks to the whole team.

(Original)
Also , gerade z√ºruck von Nasen op , ich fand die Betreuung und Personell sehr professionell, nett und freundlich, die Betten war 2 Betten Zimmer , mit Fernsehen √ºber ein App , üëç , sehr ruhig keine lauten Ger√§uschen oder St√∂rungen, also f√ºr mich wars top .

Danke an gesamten Team .",a year ago,0
Sophienklinik GmbH,3.9,116,"Bischofsholer Damm 160, 30173 Hannover",4,"(Translated by Google) I'm not a friend of such houses ... BUT there are exceptions .. The Sophienklinik am Bischofholder Damm, 2nd floor is first cream. There are ""document beds"" The ""sisters"" are nice, try to do everything, what is possible ... Thank you very much. The doctors are and will remain just a people for themselves, but here was the treated doctor well ..
The Wi-Fi is good, the possibilities ok, 1 device is available, free.

(Original)
Ich bin kein Freund von solchen H√§usern... ABER es gibt auch Ausnahmen.. Die Sophienklinik am Bischofholder Damm, 2. Stock ist erste Sahne. Es sind ""Belegbetten"" Die ""Schwestern"" sind nett,  versuchen alles zu machen, was geht... Herzlichen Dank. Die √Ñrzte sind und bleiben eben ein Volk f√ºr sich, dennoch war auch hier der behandelne Arzt gut..
Das W-Lan ist gut, die M√∂glichkeiten ok, 1 Ger√§t ist nutzbar, Kostenlos.",2 years ago,0
Sophienklinik GmbH,3.9,116,"Bischofsholer Damm 160, 30173 Hannover",5,"(Translated by Google) Very friendly staff, nice and clean.

(Original)
Sehr freundliche Personal, sch√∂n sauber.",2 years ago,0
Sophienklinik GmbH,3.9,116,"Bischofsholer Damm 160, 30173 Hannover",5,"(Translated by Google) Very modern clinic, very clean. Good food and great care by the nursing staff on the station 1 East. Particularly noteworthy the very nice anesthesiologist team and the great after-care of the ""boys"" from the recovery room, the various electric blankets were heavenly :-)

(Original)
Sehr moderne Klinik, sehr sauber. Gute Verpflegung und tolle Betreuung vom Pflegepersonal auf der Station 1 Ost. Besonders erw√§hnenswert das sehr liebe An√§sthesistinnen-Team und die tolle Nachsorge der ""Jungs"" vom Aufwachraum, die diversen Heizdecken waren himmlisch :-)",2 years ago,1
Sophienklinik GmbH,3.9,116,"Bischofsholer Damm 160, 30173 Hannover",4,"(Translated by Google) A great concept. From admission to inpatient treatment. It was received on fears and wishes. The desire to get nothing from the operation despite spinal anesthesia was completely fulfilled. There was a relaxed peace and the feeling that no one has stress. The food tasted very good. Also after 14 o'clock was asked what you want to eat and has received requests.
There is a deduction because the anesthetist did not mention the risks in the discussion. Only on demand was it mentioned that the risk of a cross-sectional paralysis could exist ... Find that at least this risk could have been mentioned once.

(Original)
Ein gro√üartiges Konzept. Von der Aufnahme bis zur station√§ren Behandlung. Es wurde auf √Ñngste und W√ºnsche eingegangen. Der Wunsch trotz Spinalan√§sthesie nichts von der OP mit zu bekommen, wurde vollst√§ndig erf√ºllt. Es herrschte eine entspannte Ruhe und das Gef√ºhl, dass keiner Stress hat. Das Essen hat sehr gut geschmeckt. Auch nach 14 Uhr wurde angefragt was man essen m√∂chte und ist auf W√ºnsche eingegangen.
1* gibt es Abzug, weil bei dem Aufkl√§rungsgespr√§ch die An√§sthesie√§rztin die Risiken nicht erw√§hnt hat. Erst auf Nachfrage wurde erw√§hnt, dass das Risiko einer Querschnittslehmung bestehen k√∂nnte... Finde, dass man wenigstens dieses Risiko einmal erw√§hnt h√§tte k√∂nnen.",2 years ago,0
Sophienklinik GmbH,3.9,116,"Bischofsholer Damm 160, 30173 Hannover",2,"(Translated by Google) The operation went well. The rooms were good, but the nursing staff is an impertinence. Some of them don't understand German or don't read the information about allergies, as it happened to me.

(Original)
Die OP ist gut verlaufen .Die Zimmer waren gut,aber das Pflegepersonal ist eine Zumutung.Zum Teil verstehen sie kein Deutsch oder lesen den Hinweis auf Allergien nicht,so wie es mir passiert ist.Da sollte sich was dran √§ndern.",3 years ago,2
Sophienklinik GmbH,3.9,116,"Bischofsholer Damm 160, 30173 Hannover",5,"(Translated by Google) Very large.

(Original)
Sehr gro√ü.",a year ago,2
Sophienklinik GmbH,3.9,116,"Bischofsholer Damm 160, 30173 Hannover",5,"(Translated by Google) The sisters and doctors are extremely friendly, the food is fresh, healthy and tasty and everything is modern and nice. It feels good

(Original)
Die Schwestern und √Ñrzte sind extrem freundlich, das Essen ist frisch, gesund und lecker und alles ist modern und sch√∂n. Man f√ºhlt sich gut aufgehoben",2 years ago,1
Sophienklinik GmbH,3.9,116,"Bischofsholer Damm 160, 30173 Hannover",5,"(Translated by Google) Since Monday, 04.02.2019 in the new Sophie.
Here is the first report.

Reception and registration despite Monday rush.
Waiting times shorter compared to many medical practices.
Between reception and registration, a numbering system is displayed on the wall so that you can estimate the waiting time in the cafeteria.
Unfortunately, there are no other seats nearby. However, there seems to be no need to eat in the cafeteria.
Staff at reception and registration as well as at the station (even after the shift change) invariably very friendly and helpful!

Pleasing and amusing: Free Wi-Fi.

For the Hotspotanmeldung you have to agree to the terms of use.
Here is an excerpt from the same from 04.02.2016

Terms and conditions
The operator is the company Mustermann GmbH based in Mustergasse 1 A -
1234 model city presents in the context of its technical operational and
economic possibilities the customer with a wlanf√§higen terminal
Free internet access available.

Funny, right? Unfortunately nobody ever reads.

Also praiseworthy: Who does not bring their own wlanf√§higes device can against
a fee of ‚Ç¨ 2 per day to borrow a tablet computer incl desk bracket.
Headphones are offered for sale for ‚Ç¨ 3.- for sale.

More soon

Continuation of my review from 04.02.2019

It stays at 5 stars on the second day.

Room (can only judge one thing):
Bright and spacious with large windows, 3 beds electrically adjustable,
Wall sockets, standard but practical clinic bedside table.
1 lockable cabinet with double door for each patient.
One of three was the key.
4 hangers in the closet and enough space for a little more luggage.
Especially commendable the built-in, free, easy
Safe to use with numeric code.
Small work table for doctor and nursing staff with disinfection dispenser.
1 table about 90x90cm and 3 chairs complete the decor.
From the room through a door separated the bathroom with shower behind glass.
Beside the washbasin soap and disinfection dispenser.

meals
First I would like to clarify: Full score for the food.
The meals delivered by a caterer about 2 hours before the date of issue are brought to temperature before being distributed and served hot.
Cash patients can choose between 3 variations daily.
Choice and quality are outstanding.
The menu is repeated every 3 weeks.
Notice for the current week is available but hard to find.
Could one possibly publish on the Internet or attach at least clearly visible. The offered food selection also for cash patients really does not need to hide.
The nice lady, who takes the order of every patient every day, will definitely not get rid of her job.
The anticipation of fresh bread baked in the house was premature.
For breakfast, the rolls were cold and not a bit crunchy.
But that is not enough for star deduction because not only different bread rolls but also various delicious breads are offered on request.

(Original)
Seit Montag, 04.02.2019 in der neuen Sophie.
Hier der erste Erfahrungsbericht.

Empfang und Anmeldung trotz Montagsansturm z√ºgig.
Wartezeiten k√ºrzer im Vergleich mit vielen Arzpraxen.
Zwischen Empfang und Anmeldung wird ein Nummernsystem an der Wand angezeigt sodass man in der Cafeteria wartend in etwa die Wartezeit einsch√§tzen kann.
Leider sind in der N√§he keine weiteren Sitzgelegenheiten. Allerdings scheint es auch keinen Verzehrzwang in der Cafeteria zu geben.
Mitarbeiter an Empfang und Anmeldung wie auch auf der Station (auch nach dem Schichtwechsel) ausnahmslos sehr freundlich und hilfsbereit!

Erfreulich und erheiternd: Kostenloses Wlan.

F√ºr die Hotspotanmeldung mu√ü man den Nutzungsbedingungen zustimmen.
Hier ein Auszug aus denselben vom 04.02.2016

Allgemeine Nutzungsbedingungen
Der Betreiber das Unternehmen Mustermann GmbH mit Sitz in Mustergasse 1 A -
1234 Musterstadt stellt im Rahmen seiner technischen betrieblichen und
wirtschaftlichen M√∂glichkeiten dem Kunden mit einem wlanf√§higen Endger√§t
einen kostenlosen Zugang zum Internet zur Verf√ºgung.

Lustig, nicht wahr? Liest leider vermutlich nie jemand.

Ebenfalls lobenswert: Wer kein eigenes wlanf√§higes Ger√§t mitbringt kann gegen
eine Geb√ºhr von ‚Ç¨ 2 pro Tag einen Tabletcomputer incl Tischhalterung ausleihen.
Kopfh√∂rer werden preiswert f√ºr ‚Ç¨ 3.- zum Kauf angeboten.

Mehr in K√ºrze

Fortsetzung meiner Bewertung vom 04.02.2019

Es bleibt bei 5 Sternen auch am zweiten Tag.

Zimmer (kann nur eines beurteilen):
Hell und ger√§umig mit gro√üen Fenstern, 3 Betten elektrisch verstellbar,
Wandsteckdosen, √ºblicher aber praktischer Klinik-Nachttisch.
1 abschliesbarer Schrank mit Doppelt√ºr f√ºr jeden Patienten.
Bei einem von dreien steckten die Schl√ºssel.
4 Kleiderb√ºgel im Schrank und gen√ºgend Platz auch f√ºr etwas mehr Gep√§ck.
Besonders lobenswert der eingebaute, kostenlose, einfach
zu bedienende Safe mit Zahlencode.
Kleiner Arbeitstisch f√ºr Arzt und Pflegepersonal mit Desinfektionsspender.
1 Tisch ca 90x90cm und 3 St√ºhle runden die Einrichtung ab.
Vom Zimmer durch eine T√ºr abgetrennt die Nasszelle mit Dusche hinter Glas.
Neben dem Waschbecken Seifen- und Desinfektionsspender.

Mahlzeiten
Vorab m√∂chte ich klarstellen: Volle Punktzahl f√ºr das Essen.
Die von einem Caterer ca 2 Std vor Ausgabe gelieferten Mahlzeiten werden vor dem Verteilen auf Temperatur gebracht und hei√ü serviert.
Kassenpatienten k√∂nnen t√§glich zwischen 3 Variationen w√§hlen.
Auswahl und Qualit√§t sind hervorragend.
Die Speisekarte wiederholt sich alle 3 Wochen.
Aushang f√ºr die aktuelle Woche ist vorhanden aber schwer zu finden.
K√∂nnte man evtl im Internet ver√∂ffentlichen oder zumindest deutlich sichtbar anbringen. Die gebotene Speisenauswahl auch f√ºr Kassenpatienten braucht sich wirklich nicht verstecken.
Die nette Dame, die t√§glich von jedem Patienten die Bestellung aufnimmt,wird dadurch bestimmt nicht ihren Job los.
Die Vorfreude auf frische im Haus gebackene Br√∂tchen war verfr√ºht.
Zum Fr√ºhst√ºck wurden die Br√∂tchen kalt und kein bischen knusprig serviert.
Das reicht aber nicht zum Sterneabzug da auf Wunsch nicht nur verschiedene Br√∂tchen sondern auch verschiedene  leckere Brotsorten angeboten werden.",2 years ago,3
Sophienklinik GmbH,3.9,116,"Bischofsholer Damm 160, 30173 Hannover",5,"(Translated by Google) I was super skinny on the left shoulder surgery, nursing staff, anesthetists, doctors, just great.
I felt very well looked after.
lg

(Original)
Ich wurde an der Linken Schulter Op.alles super verlaufen,Pflege Personal, An√§sthesie, √Ñrzte,einfach toll.
Ich f√ºhlte mich sehr gut aufgehoben.
Lg",2 years ago,0
Sophienklinik GmbH,3.9,116,"Bischofsholer Damm 160, 30173 Hannover",1,"(Translated by Google) Monday should be the surgery, today for a preliminary talk. The appointment was at 10.45 clock, announced on time and then waited for 3 hours - short conversation and now I'm already waiting to talk to the ward doctor. Thank you that you could have solved something else.
- No you can come back later
- No newspapers
- No way to get the time
Only a bakery (staff friendly) with course overpriced prices. (Usual in the KH)
But with meanwhile nearly 4 hours waiting time (despite appointment) simply sad. Hope the days after the operation are better

(Original)
Montag soll die OP sein , heute zum Vorgespr√§ch. Der Termin war um 10.45 Uhr , p√ºnktlich angemeldet und dann leider 3 Stunden gewartet - kurzes Gespr√§ch und jetzt warte ich bereits wieder um mit dem Stations Arzt zu sprechen . Danke das h√§tte man anderes l√∂sen k√∂nnen .
- Kein sie k√∂nnen sp√§ter wieder kommen
- Kein Zeitungen
- Keine M√∂glichkeiten die Zeit rumzukriegen
Nur ein B√§cker ( Personal freundlich) mit nat√ºrlich √ºberteuerten Preisen . ( Im KH √ºblich )
Aber bei mittlerweile fast 4 Stunden Wartezeit ( trotz Termin ) einfach traurig . Hoffe die Tage nach der OP verlaufen besser",2 years ago,5
Sophienklinik GmbH,3.9,116,"Bischofsholer Damm 160, 30173 Hannover",1,"(Translated by Google) I have some language barriers (see also other reviews here in this forum), ignorance of the type of planned surgery and lack of insight in the questionnaire for pre-existing diseases / allergies, etc. filled out by me in the preliminary interview for a planned sinus lift surgery next week insecure.

(Original)
Mich haben beim Vorgespr√§ch f√ºr eine geplante Sinuslift OP in der kommenden Woche gewisse Sprachbarrieren (s. auch andere Rezensionen hier in diesem Forum), Unkenntnis der Art der geplanten OP und mangelnde Einsichtnahme in den von mir ausgef√ºllten Fragebogen zu Vorkrankungen/Allergien etc. nicht wenig verunsichert.",a year ago,1
Sophienklinik GmbH,3.9,116,"Bischofsholer Damm 160, 30173 Hannover",2,"(Translated by Google) The station 1 East is really great with the sisters. What I do not think is healthy at all is the beds. After my Op I had to sleep on my back because my leg had to be immobilized in a splint. The bed was so uncomfortable that I had insane coccyx pain the next morning. Something urgently needs to be changed. The food for breakfast and dinner was ok. Unfortunately, lunch left something to be desired. Also in terms of room facilities, there is still room for improvement. One should consider whether one does not prefer to install Tv's, because not everyone has a tablet or wants to lend extra for one. What I have to praise is the built-in bakery. Super delicious and very nice service.

(Original)
Die Station 1 Ost ist mit den Schwestern echt super. Was ich allerdings √ºberhaupt nicht gesundheitsf√∂rdernd finde,sind die Betten. Nach meiner Op musste ich ,da mein Bein in einer Schiene ruhig gestellt werden musste ,auf den R√ºcken schlafen. Das Bett war so unbequem, das ich am n√§chsten Morgen wahnsinnige Stei√üschmerzen hatte.  Da m√ºsste dringend was ge√§ndert werden. Die Verpflegung was Fr√ºhst√ºck und Abendessen angeht war ok. Mittagessen lie√ü leider zu w√ºnschen √ºbrig. Auch was die Zimmerausstattung betrifft ,ist noch Luft nach oben. Man sollte sich √ºberlegen ob man nicht doch lieber Tv's anbringt ,denn nicht jeder hat ein Tablet oder will sich extra daf√ºr eins leihen. Was ich loben muss ist die eingebaute B√§ckerei. Super lecker und sehr nette Bedienung.",2 years ago,1
Sophienklinik GmbH,3.9,116,"Bischofsholer Damm 160, 30173 Hannover",1,"(Translated by Google) Unfortunately, I have been in many hospitals in my life .... But I have never seen such a hospital ... built in 1955 ... but it looks like it was built before the war ... Rooms are so small you can tell NOT even the bedside table can make .. You do not want to open, because they are totally dirty and dirty .... Toilets and bathroom in the hallway and you share this with 23 patients
must .... Also the therapy! A joke....
That even the doctors transfer patients to such a facility is a joke.
The health insurance should not pay for such a derecksloch ...
It is an imposition ...
Now I have to go back to the practice for a syringe in the shoulder ... Since it is sterile there üòÇüò†üò® .....

(Original)
Ich war leider in vielen Krankenh√§user in meinem Leben....Aber so ein Krankenhaus habe ich noch nie gesehen ...gebaut 1955 ...sieht aber aus als wenn es vor dem Krieg erbaut wurde...Zimmer sind so klein das man NICHT mal die Nachttisch auf machen kann..Die man auch nicht √∂ffnen will , da sie total versifft u dreckig sind ....Toiletten u Bad im Flur und man diese mit 23 Patienten teilen
muss ....Auch die Therapie! Ein Witz....
Das √ºberhaupt die √Ñrzte Patienten in so eine Einrichtung √ºberweisen ist ein Witz .
Die Krankenkassen sollten f√ºr so ein derecksloch nicht bezahlen ...
Es ist eine Zumutung...
Jetzt muss ich noch mal in die Praxis um ein spritze in die Schulter zugekommen...Da es dort steriler ist üòÇüò†üò® .....",4 years ago,3
Sophienklinik GmbH,3.9,116,"Bischofsholer Damm 160, 30173 Hannover",5,"(Translated by Google) I can only say: very nice staff, friendly, attentive and helpful.
Whether on the ward or in the administration.
Also from the cleanliness in the entire building, impeccable.
Also great in the operating room.
It felt like a big family.
Have completely taken away my fear.
Hats off to the medical team too.
Was there in-patient treatment for a rotator cuff tear.
Thanks to my doctor Dr. Haase.
Everything went well.
Thank you

(Original)
Ich kann nur sagen: Sehr nettes Personal.Freundlich Aufmerksam zuvorkommen.
Egal ob auf Station oder in der Verwaltung.
Auch von der Sauberkeit im gesamten Geb√§ude,tadellos.
Auch im OP toll.
Kam mir vor wie in einer gro√üen Familie.
Haben mir meine Angst komplett genommen.
Auch das √Ñrzte Team  Hut ab..
War dort wegen Rotatorenmanschettenriss dort station√§r in Behandlung.
Danke an meinen Arzt Dr. Haase.
Alles bestens verlaufen.
Danke",2 years ago,2
Sophienklinik GmbH,3.9,116,"Bischofsholer Damm 160, 30173 Hannover",2,"(Translated by Google) I myself was now in this clinic in the ENT area. Many employees are really friendly and helpful, but unfortunately I have experienced exactly the opposite.

I was greeted warmly in the entrance and at the ladies for the administrative act.
I was also surprised how quickly I was called, but then I had to wait almost 3 hours until the ward doctor called me. Ok wait is partly ok, but 3h is no longer acceptable in my opinion and then without apology. The doctor really welcomed me very distanced and cool (just the opposite of the reception)
He prayed down his questions, responded to questions from my side only very briefly. Then I had to ask for a case of my documents with the colleague (because I really thought if he has the name of a ward doctor or has just become a doctor and whether he can do his job well professionally). Linguistically, it was not easy to communicate with him, honestly I was quite different. It's bad in medicine if a patient has to worry about not being understood, because two nationalities meet and there is a big barrier between the doctor and the patient in terms of language.
Also in the further course I met again the same doctor and it was also there again a disaster.

The house should be very careful in the choice of his staff / doctors.

Some nurses are really anything but human and friendly, empathy zero and here also linguistic not always easy to understand and I also had the impression that I was not always understood. Also was partially responded to help grumpy and you thought, you really do not want to help and maintain.

But I also experienced exactly the opposite with the nurses. Only such outliers then just cloud the picture.

The communication between doctor and clinic could definitely or in my case say I need to be improved as far as the patient is concerned. Some information from the doctor and hospital were not exchanged, as well as information from the clinic to the doctor.

Otherwise a clean clinic and very quiet.

(Original)
Ich selbst war nun in dieser Klinik im HNO Bereich. Viele Angestellte dort sind wirklich freundlich und hilfsbereit, aber leider habe ich auch genau das Gegenteil erlebt.

Freundlich wurde ich begr√º√ü im Eingangsbereich und bei den Damen f√ºr den Verwaltungsakt.
Ich war auch √ºberrascht wie schnell ich gerufen wurde, danach musste ich aber fast 3h warten bis der Stationsarzt mich aufrief. Ok Wartezeit ist ja teilweise ok, aber 3h ist in meinen Augen nicht mehr vertretbar und dann auch ohne Entschuldigung. Der Arzt begr√º√üte mich wirklich sehr distanziert und k√ºhl (genau das Gegenteil vom Empfang)
Er betete seine Fragen runter, ging auf Fragen meinerseits nur sehr kurz ein. Musste sich dann bei einer Sache von meinen Unterlagen auch bei der Kollegin nachfragen (da dachte ich echt ob er den Namen Stationsarzt hat oder gerade frisch Arzt geworden ist und ob er auch seinen Job gut machen kann fachlich). Sprachlich war es auch nicht einfach sich mit ihm zu verst√§ndigen, ehrlich wurde mir da ganz anders. Es ist doch schlimm in der Medizin wenn ein Patient Sorgen haben muss, nicht verstanden zu werden, weil zwei Nationalit√§ten auf einander treffen und sprachlich eine gro√üe H√ºrde zwischen dem Arzt und dem Patienten liegt.
Auch im weiteren Verlauf traf ich wieder auf den selben Arzt und es war auch dort wieder eine Katastrophe.

Das Haus sollte doch sehr darauf achten bei der Wahl seines Personals/√Ñrzten.

Einige Pflegerinnen sind wirklich alles andere als menschlich und freundlich, Empathie gleich null und hier auch sprachliche nicht immer einfach zu verstehen gewesen und ich hatte auch den Eindruck das ich nicht immer verstanden wurde. Auch wurde teilweise auf Hilfe m√ºrrisch reagiert und man dachte, wirklich helfen und pflegen m√∂chte man nicht.

Aber ich habe auch genau das Gegenteil bei den Pflegerinnen erlebt. Nur solche Ausrei√üer tr√ºben dann eben das Bild.

Die Kommunikation zwischen Arzt und Klinik k√∂nnte defintiv noch oder in meinen Fall sage ich muss verbessert werden, was den Patienten angeht. Einige Infos seitens Arzt und Krankenhaus wurden nicht ausgetauscht, ebenso Infos von der Klinik an den Arzt.

Ansonsten eine saubere Klinik und sehr ruhig.",2 years ago,2
Sophienklinik GmbH,3.9,116,"Bischofsholer Damm 160, 30173 Hannover",4,"(Translated by Google) Very nice light voucher room. Very friendly and extremely courteous staff. Food very good. You can choose between several dishes. Fast recovery guaranteed because there was nothing missing.
The only flaw: For me, the bed was too short. There was no suitably long. Board at the foot was dismantled. Nor was the bed yet electrically adjustable - mechsnisch (by Annotuck). Therefore only 4 points.

(Original)
Sehr sch√∂nes helles Belegzimmer. Sehr freundliches und √§u√üerst zuvorkommendes Personal. Verpflegung sehr gut. Man kann zwischen mehreren Gerichten auswaehlen. Schnelle Genesung garantiert, da es an nichts fehlte.
Einziger Makel: F√ºr mich war das Bett zu kurz. Es gab kein passend langes. Brett am Fussende war abmontiert. Ebensowenig war das Bett noch nicht elektrisch verstellbar - mechsnisch ( von Annotuck ). Deshalb nur 4 Punkte.",2 years ago,1
Sophienklinik GmbH,3.9,116,"Bischofsholer Damm 160, 30173 Hannover",5,"(Translated by Google) I felt very, very comfortable !! Even after the o.p I felt a soothing treatment! The food was good. Thank you all the staff of the St. Two !!

(Original)
Ich habe mich sehr, sehr wohlgef√ºhlt!! Auch nach der o.p versp√ºrte ich eine wohltuende Behandlung! Das Essen war gut. Danke dem gesamten Personal der St. Zwei !!",5 years ago,0
Sophienklinik GmbH,3.9,116,"Bischofsholer Damm 160, 30173 Hannover",5,"(Translated by Google) Very nice, friendly and qualified doctors and med staff at night. Thank you for the treatment after the operation. Stay healthy! LG Eugen Stejner üá©üá™

(Original)
Sehr nette, freundliche und qualifizierte √Ñrzte und med Personal am Nacht. Ich bedanke mich f√ºr die Behandlung nach dem OP. Bleiben Sie alle Gesund! LG Eugen Stejner üá©üá™",2 years ago,1
Sophienklinik GmbH,3.9,116,"Bischofsholer Damm 160, 30173 Hannover",2,"(Translated by Google) I myself was in the clinic, housing station East.
Unfortunately, my experience has not always been positive. My neighbor had a removal of the almonds and had to first ask if you should not eat much ice after such a procedure. Likewise, the Kuhlkrawatte was issued only reluctantly. I expect that you approach the patients from the staff and do not even look at them funny when they want an ice cream or a cooling.
Since I only had a very small procedure on my ear, I also had to stay short.

I had gebaeucht / paid for a double room and the beautiful service you supposedly read, seems to exist only on paper. I did not get fresh towels every day (stayed there 3 nights) and also missed the personal service provided by our patient assistant. I received the same service as my bed neighbor was not as a ""private patient"" was or the 2 bed room paid.

I do not expect to be carried on hands by paying, but if you advertise on the homepage, you should implement it.

The interns were all still very inexperienced and needed in my eyes someone who shows them how to deal with patients and cares.

The sisters also have very big differences in service and friendliness.

Of the so-called ward doctors I have come with nothing. No idea what their job is exactly.

I was glad that I did not need much help but who really needs help, because I wonder if you get it too. For example, I helped my bed neighbor lift his bag on the day he was released, and he was not allowed to lift it. None of the staff offered him this. It was important only that the patient is out until 9.

At the front desk you were greeted very nice.

(Original)
Ich selbst war in der Klinik, Unterbringung Station Ost.
Leider war meine Erfahrung nicht immer positiv. Mein Bettnachbar bspw hatte eine Entfernung der Mandeln und musste erstmal nach fragen ob man nicht viel Eis essen soll nach solch einem Eingriff. Ebenso die Kuhlkrawatte wurde nur zur√ºckhaltend rausgegeben. Ich erwarte doch, dass man vom Personal aus auf die Patienten zugeht und nicht noch diese komisch anschaut, wenn sie wieder ein Eis wollen oder eine K√ºhlung.
Da ich selbst nur einen sehr kleinen Eingriff am Ohr hatte, musste ich auch nur kurz bleiben.

Ich hatte Zweibettzimmer gebaucht/bezahlt und der sch√∂ne Service den man angeblich dazu liest, scheint wohl nur auf dem Papier zu existieren. Ich habe nicht jeden Tag frische Handt√ºcher bekommen (war 3 N√§chte dort) und auch den pers√∂nlicher Service durch unsere Patientenassistentin habe ich vermisst. Ich habe den selben Service erhalten wie mein Bettnachbar der nicht als ‚Äûprivatpatient‚Äú gef√ºhrt wurde bzw. Das 2 Bett Zimmer bezahlt hat.

Ich erwarte nicht hier durch Bezahlung auf H√§nden getragen zu werden, aber wenn man auf der Homepage damit wirbt, sollte man es auch umsetzen.

Die PraktikantenInnen waren doch alle noch sehr unerfahren und br√§uchten in meinen Augen jemanden der ihnen zeigt wie man mit Patienten umgeht und pflegt.

Bei den Schwestern gibt es auch sehr gro√üe Unterschiede im Service und Freundlichkeit.

Von den sogenannten Stations√§rzten habe ich nichts mitgekommen. Keine Ahnung was deren Aufgabe ist genau.

Ich war froh dort nicht viel Hilfe zu ben√∂tigen aber wer wirklich auf Hilfe angewiesen ist, da frage ich mich doch ob man diese auch bekommt. Meinem bettnachbarn habe ich bspw geholfen am Tag seiner Entlassung seine Tasche aufs Bett zu heben, er durfte nicht schwer heben. Keiner des Personals bot ihm dies an. Wichtig war nur das der Patient bis 9 raus ist.

Am Empfang wurde man sehr nett begr√º√üt.",2 years ago,0
Sophienklinik GmbH,3.9,116,"Bischofsholer Damm 160, 30173 Hannover",5,"(Translated by Google) Great clinic. Great emphasis on hygiene and service

(Original)
Tolle Belegklinik. Gro√üen Wert auf Hygiene und Service",2 years ago,0
Sophienklinik GmbH,3.9,116,"Bischofsholer Damm 160, 30173 Hannover",5,"(Translated by Google) Everything is great, I am very satisfied. Op has gone well, the staff is invariably friendly and you will also be well looked after. Everything great

(Original)
Alles super, bin sehr zufrieden. Op ist gut verlaufen, das personal ist ausnahmslos freundlich und gut versorgt wird man ebenfalls. Alles bestens",5 years ago,0
Sophienklinik GmbH,3.9,116,"Bischofsholer Damm 160, 30173 Hannover",3,"(Translated by Google) Room was ok. OP by Dr. Tr√ºbenbach was great. Food very tasty. The communication between doctors and anesthesia should be improved (the conversation went differently than expected. For example, you are sure that you are really there for the knee and not being operated on on your back or spine.) I think it's a pity that the patient lasts longer do not have to be able to acquire magazines. Not everyone gets along with a tablet (older people). The bakery as an offer is simply too expensive. Dismissal was a bit hectic. First the rounds were where you found out, then you go home today, then breakfast came, afterwards I packed my things, but in between came the physiotherapist who showed exercises for home. According to the patient information, the room must be vacated by 9:00 a.m. It was a quarter to nine and the cleaning staff was very unfriendly why the room had not yet been cleared. The next patients are already waiting. I was already about to leave.

(Original)
Zimmer war OK. OP von Dr. Tr√ºbenbach war super. Essen sehr lecker. Verbessert werden sollte die Kommunikation unter √Ñrzten und Anestesie ( das Gespr√§ch verlief anders als erwartet. Beispiel sind Sie sich sicher, da√ü Sie wirklich wegen dem Knie da sind und nicht am R√ºcken bzw an der Wirbels√§ule operiert werden.) Schade finde ich das Patienten die l√§nger bleiben m√ºssen keine Zeitschriften erwerben k√∂nnen. Nicht jeder kommt mit einem Tablet klar( √§ltere Menschen). Der B√§cker als Angebot ist einfach zu Teuer. Entlassung war etwas hektisch. Erst war die Visite wo man erfahren hat, dann geht's heute nach Hause dann kam das Fr√ºhst√ºck, im Anschluss habe ich meine Sachen gepackt, dazwischen kam aber noch die Physiotherapeutin die noch √úbungen f√ºr zu Hause zeigte. Laut Patienteninfio muss das Zimmer bis 9:00 Uhr verlassen werden es war viertel vor neun und die Reinigungskraft wurde sehr unfreundlich warum das Zimmer noch nicht ger√§umt ist. Die n√§chsten Patienten warten schon. Dabei war ich doch schon dabei zu gehen.",2 years ago,2
Sophienklinik GmbH,3.9,116,"Bischofsholer Damm 160, 30173 Hannover",4,"(Translated by Google) Felt very well cared for and taken care of. Staff very friendly and competent.

(Original)
F√ºhlte Mich sehr gut aufgehoben und versorgt. Personal sehr freundlich und kompetent.",4 years ago,0
Sophienklinik GmbH,3.9,116,"Bischofsholer Damm 160, 30173 Hannover",3,"(Translated by Google) The operation went smoothly, the rooms were OK, the nursing staff were mostly very friendly, and there were occasionally language barriers. What is not possible is the underground communication between the different departments and especially between the clinic and the patient. Again and again there was conflicting information for the patient about the further course of treatment. Communication between the attending physician and the clinic must also be improved. Generally there is still room for improvement.

(Original)
OP lief glatt, Zimmer waren OK, Pflegepersonal gr√∂√ütenteils sehr freundlich, gelegenlich gab es leicht Sprachbarrieren. Was nicht geht ist die unterirdische Kommunikation zwischen den verschiedenen Abteilungen und im Besonderen zwischen Klinik und Patient. Immer wieder gab es widerspr√ºchliche Infos f√ºr den Patienten zum weiteren Behandlungsablauf. Auch die Kommunikation zwischen Belegarzt und Klinik muss verbessert werden. Generell ist hier noch Luft nach oben.",2 years ago,2
Sophienklinik GmbH,3.9,116,"Bischofsholer Damm 160, 30173 Hannover",5,"(Translated by Google) Very friendly staff and helpful after my sinus surgery

(Original)
Sehr freundlicher Personal und Hilfsbereit nach meiner Nebenh√∂hlen OP",3 years ago,1
Sophienklinik GmbH,3.9,116,"Bischofsholer Damm 160, 30173 Hannover",5,"(Translated by Google) Have had good experiences Doctors were nice and the staff too I can not complain.

(Original)
Habe gute Erfahrungen gemacht √Ñrzte waren nett und das Personal auch ich kann mich nicht beklagen.",4 years ago,0
Sophienklinik GmbH,3.9,116,"Bischofsholer Damm 160, 30173 Hannover",5,"(Translated by Google) Everything great! The operation went well and I felt well taken care of the days after surgery. The food was good, the staff friendly and I have no reason to complain.
I do not want to say ""gladly"" again, because who wants to be ill, but if I am again forced to visit a hospital, then I choose if possible, the Sophia clinic.

(Original)
Alles super! Die OP verlief gut und ich f√ºhlte mich an den Tagen nach der OP gut versorgt. Das Essen war gut, das Personal freundlich und ich habe keinen Grund mich zu beschweren.
Ich will nicht sagen ""gerne wieder"", denn wer will schon krank sein, aber falls ich mal wieder zu einem Krankenhausbesuch gezwungen bin, dann w√§hle ich falls m√∂glich die Sophien-Klinik.",4 years ago,1
Sophienklinik GmbH,3.9,116,"Bischofsholer Damm 160, 30173 Hannover",4,"(Translated by Google) I was contacted by dr. Krukenberg operates. As always, he was competent and friendly.
The clinic was newly built and opened in September 2017. There is still room for improvement. In the 2 bed room there is no storage space for the washing utensils in the very spacious bathroom, a stool is still missing in the shower, the light in the bathroom does not come on automatically, which is difficult to manage with walking aids. The beds are good to adjust by remote control. WiFi is free. .
A kiosk would be nice. Comfortable sitting areas are still missing if you have visitors and don't want to be in the room.
All in all, however, in my opinion it is a highly recommended hospital bed, and when the last shortcomings have been remedied, great.
It should also be noted that the staff mostly comes from foreign countries, but speaks good German.

(Original)
Ich wurde am 2.1.2018 von dr. Krukenberg operiert. Er war wie immer kompetent und freundlich.
Die Klinik wurde neu gebaut und im September 2017 er√∂ffnet . Es gibt noch einiges zu verbessern. Im 2 Bett Zimmer gibt es im sehr gro√üz√ºgigen Bad noch keine Ablagen f√ºr die Waschutensilien, es fehlt noch ein Hocker in der Dusche, das Licht im Bad geht nicht automatisch an, was mit Gehhilfen schwierig zu bew√§ltigen ist. Die Betten sind gut, per Fernbedienung zu verstellen. WLAN ist kostenlos. .
Ein Kiosk w√§re sch√∂n. Es fehlen noch gem√ºtliche Sitzecken, wenn man Besuch hat und nicht im Zimmer sein m√∂chte.
Alles im Allen ist es aber in meinen Augen ein sehr empfehlenswertes Belegbetten Krankenhaus, und wenn die letzen M√§ngel behoben sind, top.
Anzumerken w√§re noch, das das Personal gr√∂√ütenteils aus fremden L√§ndern kommt, aber gut deutsch spricht.",3 years ago,3
Sophienklinik GmbH,3.9,116,"Bischofsholer Damm 160, 30173 Hannover",1,"(Translated by Google) Failure to provide assistance. After my knee surgery I didn't get any thrombosis stockings. Despite repeated begging on my part (female, 40 years), I didn't get any, with the statement that it was Saturday and you didn't have any. They also have other ""more important"" things to do than worry about them. My partner then drove to the medical supply store almost two days after the operation to buy me some. Too late. Unfortunately I am now also fighting a 2-level thrombosis.

(Original)
Unterlassene Hilfeleistung. Nach meiner Knie OP bekam ich keine Thrombosestr√ºmpfe. Trotz mehrfachen bettelns meinerseits (weiblich, 40 Jahre) bekam ich keine, mit der Aussage, es sei Samstag und man h√§tte keine passenden. Zudem h√§tten sie andere ""wichtigere"" Dinge zu tun, als sich darum zu k√ºmmern. Mein Partner fuhr dann knapp zwei Tage nach der OP ins Sanit√§tshaus, um mir welche zu kaufen. Zu sp√§t. Leider k√§mpfe ich nun auch noch gegen eine 2-Etagen Thrombose.",3 years ago,3
Sophienklinik GmbH,3.9,116,"Bischofsholer Damm 160, 30173 Hannover",4,"(Translated by Google) On October 17, 2017, I had surgery performed on my shoulder in the new Sophienklinik by Dr. Krukenberg, great walking you have to say so. Great rooms, everything clean, staff friendly even if it sometimes had the impression that they wanted too much from me Personally sometimes a little hard but good to know that they were around their patients are trying.
What for me personally was actually not at all the food at lunchtime a single disaster which really needs to be improved, breakfast and evening food was really good.
What you would have to improve would be that you could get something from a machine because it is not currently available, you can only go to the baker during the day who also has a pretty salted price, I think can also make money beyond measure if it has a point of view.

(Original)
Ich habe mich am 17.10.2017 in der neuen Sophienklinik an der Schulter Operieren lassen von Dr. Krukenberg,top gelaufen muss mann schon so sagen.Tolle Zimmer,alles sauber,Personal freundlich wenn es auch mansch mal den Eindruck hatte das sie zuviel von einen wollen f√ºr mich Pers√∂nlich mansch mal schon ein wenig an strengend aber gut zu wissen das sie dort um ihre Patienten bem√ºht sind.
Was f√ºr mich Pers√∂nlich eigentlich gar nicht ging wahr das Essen am Mittag eine einzige Katastrophe was wirklich verbessert werden muss,Fr√ºhst√ºck und Abend Essen wahr gut.
Was man auch verbessern m√ºsste w√§hre das man sich auch mal was aus einen  Automaten holen k√∂nnte da dieses zur Zeit gar nicht angeboten wird,man kann zur Zeit nur am Tage zu dem B√§cker am Tage gehen der auch ganz sch√∂n gesalzene Preis hat.Ich denke man kann auch Geld verdienen √ºber die Ma√üe wenn so einen Standpunkt hat.",3 years ago,1
Sophienklinik GmbH,3.9,116,"Bischofsholer Damm 160, 30173 Hannover",2,"(Translated by Google) Until the food and the registration and the cafeteria you could forget everything again. When will the shop be closed?

(Original)
Bis aufs Essen und die Anmeldung und die Cafeteria konnte man mal wieder alles vergessen. Wann wird der Laden geschlossen.",7 years ago,0
Sophienklinik GmbH,3.9,116,"Bischofsholer Damm 160, 30173 Hannover",4,"(Translated by Google) I am very satisfied, the operation went very well, everything else was fine.

(Original)
Ich bin sehr zufrieden, die OP verlief sehr gut, auch sonst war alles gut.",4 years ago,0
Sophienklinik GmbH,3.9,116,"Bischofsholer Damm 160, 30173 Hannover",5,"(Translated by Google) I feel very well treated there

(Original)
F√ºhle mich dort sehr gut behandelt",3 years ago,0
Sophienklinik GmbH,3.9,116,"Bischofsholer Damm 160, 30173 Hannover",5,"(Translated by Google) The Sophie clinic is wonderful. Who says what else is stupid

(Original)
Die Sophie Klinik ist  wunderbar. Wer was anderes sagt ist dumm",3 years ago,3
Sophienklinik GmbH,3.9,116,"Bischofsholer Damm 160, 30173 Hannover",1,"(Translated by Google) The cleaning is grotto bad is not due to the nursing staff ... with a rag !! @ toilet - shower 'tables - pat - room ...

(Original)
Die Reinigung  ist grotten schlecht liegt nicht am Pflegepersonal ...mit einem Lappen !!@ WC - Dusche ' Tische  - Pat - Zimmer...",3 years ago,2
Sophienklinik GmbH,3.9,116,"Bischofsholer Damm 160, 30173 Hannover",1,"(Translated by Google) Very rude nurses the beds are uncomfortable and you have to adjust them by hand the doors frames are broken, the doors too. You arrive on time and still you have to wait 9 hours until the op I do not recommend it to anyone I will never go back

(Original)
Sehr unh√∂fliche Krankenschwestern die Betten sind ungem√ºtlich und man muss sie per Handgriff einstellen die T√ºren Rahmen sind kaputt,die T√ºren auch. man kommt p√ºnktlich an und trotzdem muss man 9 Stunden warten bis zu der op ich empfehle es niemanden ich gehe auch niewieder hin",3 years ago,0
Sophienklinik GmbH,3.9,116,"Bischofsholer Damm 160, 30173 Hannover",3,"(Translated by Google) Very nice staff

(Original)
Sehr Nettes personal",7 years ago,1
Sophienklinik GmbH,3.9,116,"Bischofsholer Damm 160, 30173 Hannover",5,,2 years ago,0
Sophienklinik GmbH,3.9,116,"Bischofsholer Damm 160, 30173 Hannover",5,,6 months ago,0
Sophienklinik GmbH,3.9,116,"Bischofsholer Damm 160, 30173 Hannover",5,,2 years ago,0
Sophienklinik GmbH,3.9,116,"Bischofsholer Damm 160, 30173 Hannover",4,,a year ago,0
Sophienklinik GmbH,3.9,116,"Bischofsholer Damm 160, 30173 Hannover",5,,a year ago,0
Sophienklinik GmbH,3.9,116,"Bischofsholer Damm 160, 30173 Hannover",2,,9 months ago,0
Sophienklinik GmbH,3.9,116,"Bischofsholer Damm 160, 30173 Hannover",5,,a month ago,0
Sophienklinik GmbH,3.9,116,"Bischofsholer Damm 160, 30173 Hannover",5,,3 years ago,0
Sophienklinik GmbH,3.9,116,"Bischofsholer Damm 160, 30173 Hannover",1,,a year ago,0
Sophienklinik GmbH,3.9,116,"Bischofsholer Damm 160, 30173 Hannover",5,,a year ago,0
Sophienklinik GmbH,3.9,116,"Bischofsholer Damm 160, 30173 Hannover",5,,3 years ago,0
Sophienklinik GmbH,3.9,116,"Bischofsholer Damm 160, 30173 Hannover",4,,3 years ago,0
Sophienklinik GmbH,3.9,116,"Bischofsholer Damm 160, 30173 Hannover",5,,a year ago,0
Sophienklinik GmbH,3.9,116,"Bischofsholer Damm 160, 30173 Hannover",1,,5 years ago,0
Sophienklinik GmbH,3.9,116,"Bischofsholer Damm 160, 30173 Hannover",5,,2 years ago,0
Sophienklinik GmbH,3.9,116,"Bischofsholer Damm 160, 30173 Hannover",4,,2 years ago,0
Sophienklinik GmbH,3.9,116,"Bischofsholer Damm 160, 30173 Hannover",5,,a year ago,0
Sophienklinik GmbH,3.9,116,"Bischofsholer Damm 160, 30173 Hannover",1,,4 years ago,0
Sophienklinik GmbH,3.9,116,"Bischofsholer Damm 160, 30173 Hannover",4,,3 years ago,0
Sophienklinik GmbH,3.9,116,"Bischofsholer Damm 160, 30173 Hannover",5,,a year ago,0
Sophienklinik GmbH,3.9,116,"Bischofsholer Damm 160, 30173 Hannover",4,,4 years ago,0
Sophienklinik GmbH,3.9,116,"Bischofsholer Damm 160, 30173 Hannover",5,,a year ago,0
Sophienklinik GmbH,3.9,116,"Bischofsholer Damm 160, 30173 Hannover",3,,5 years ago,0
Sophienklinik GmbH,3.9,116,"Bischofsholer Damm 160, 30173 Hannover",5,,a month ago,0
Sophienklinik GmbH,3.9,116,"Bischofsholer Damm 160, 30173 Hannover",5,,8 months ago,0
Sophienklinik GmbH,3.9,116,"Bischofsholer Damm 160, 30173 Hannover",5,,3 years ago,0
